Type,low,high,mean
/home,0.297099950634,0.306948195962,0.302024073298
/index,0.296196554173,0.306037714599,0.301117134386
/test,0.297232338865,0.307109334576,0.302170836721
